title,country_name,state_name,city_name,status,url,estimated_total_project_cost,final_total_project_cost,currency,estimated_completion_date,actual_completion_date,cost_overrun,time_delay,citations,project_id
National Highways Interconnectivity Improvement Project,Republic of India,,,Closed,https://projects.worldbank.org/en/projects-operations/project-detail/P121185,500000000,161550821.4,USD,9/30/2020,7/19/2016,-338449178.6,0,"['https://www.worldbank.org/en/cpf/india/what-we-work/competitiveness-jobs/connectivity-and-logistics', 'https://www.govinfo.gov/content/pkg/PLAW-112publ141/html/PLAW-112publ141.htm', 'https://www.transportation.ohio.gov/projects/all-projects', 'https://policycommons.net/artifacts/1269639/india/1850793/', 'https://www.worldbank.org/en/cpf/india/cross-cutting-themes/climate-smart-engagement', 'https://projects.worldbank.org/pt/projects-operations/project-detail/P121185', 'https://en.wikipedia.org/wiki/Bharatmala', 'https://projects.worldbank.org/en/projects-operations/project-detail/P121185']",P121185
Andhra Pradesh & Telangana Road Sector Project,Republic of India,,,Closed,https://projects.worldbank.org/en/projects-operations/project-detail/P096021,320000000,,,3/31/2019,N/A,,0,"['https://www.pppinindia.gov.in/infrastructure_projects_statewise', 'https://www.worldbank.org/en/cpf/india/project', 'https://pib.gov.in/PressReleaseIframePage.aspx?PRID=1993425', 'https://en.wikipedia.org/wiki/Amaravati', 'https://en.wikipedia.org/wiki/Polavaram_Project', 'https://projects.worldbank.org/en/projects-operations/project-detail/P096021', 'https://documents.worldbank.org/en/publication/documents-reports/documentdetail/260721468042006630/Social-management-plan-for-upgrading-of-Chittoor-Puttur-road', 'https://documents.worldbank.org/en/publication/documents-reports/documentdetail/395321468267905893/Detailed-project-report-upgrading-of-Chittoor-Puttur-road', 'https://en.wikipedia.org/wiki/Hyderabad', 'https://projects.worldbank.org/en/projects-operations/project-detail/P096021']",P096021
National Cyclone Risk Mitigation Project-II,Republic of India,,,Closed,https://projects.worldbank.org/en/projects-operations/project-detail/P144726,308400000,255400000,USD,3/14/2023,3/15/2023,-53000000,1,"['https://documents1.worldbank.org/curated/ru/482381567532199583/pdf/India-First-National-Cyclone-Risk-Mitigation-Project.pdf', 'https://projects.worldbank.org/en/projects-operations/project-detail/P144726']",P144726
India Second Kerala State Transport Project,Republic of India,,,Closed,https://projects.worldbank.org/en/projects-operations/project-detail/P130339,216000000,,,4/30/2021,N/A,,0,"['https://documents.worldbank.org/en/publication/documents-reports/documentdetail/616361656646671132/india-second-kerala-state-transport-project', 'https://www.worldbank.org/en/cpf/india/what-we-work/competitiveness-jobs/connectivity-and-logistics', 'https://www.worldbank.org/en/cpf/india/project', 'https://pmc.ncbi.nlm.nih.gov/articles/PMC4078488/', 'https://pib.gov.in/PressReleaseIframePage.aspx?PRID=1993425', 'https://spb.kerala.gov.in/economic-review/ER2016/chapter05_03.php', 'https://en.wikipedia.org/wiki/List_of_megaprojects_in_India', 'https://en.wikipedia.org/wiki/Expressways_of_India', 'https://projects.banquemondiale.org/fr/projects-operations/procurement-detail/OP00127296', 'https://www.worldbank.org/en/cpf/india/cross-cutting-themes/climate-smart-engagement', 'https://documents.banquemondiale.org/fr/publication/documents-reports/documentdetail/273111618906630959/Disclosable-Restructuring-Paper-India-Second-Kerala-State-Transport-Project-P130339', 'https://www.weforum.org/stories/2024/12/how-hydrogen-powered-vehicles-will-help-india-reach-its-emissions-targets/', 'https://projects.worldbank.org/en/projects-operations/project-detail/P130339']",P130339
PMGSY Rural Roads Project,Republic of India,,,Closed,https://projects.worldbank.org/en/projects-operations/project-detail/P124639,1500000000,2.1,USD,12/15/2020,N/A,-1499999998,0,"['https://shs.hal.science/halshs-01349350v1/document', 'https://omms.nic.in/', 'https://www.sciencedirect.com/science/article/abs/pii/S0304387817300883', 'https://documents.worldbank.org/en/publication/documents-reports/documentdetail/879581468041646928/India-Pradhan-Mantri-Gram-Sadak-Yojana-PMGSY-Second-Rural-Roads-Project', 'https://www.worldbank.org/en/country/india/brief/connecting-villages-through-rural-roads-in-india', 'https://projects.worldbank.org/en/projects-operations/project-detail/P124639', 'https://documents.worldbank.org/en/publication/documents-reports/documentdetail/350341468041361307/India-Pradhan-Mantri-Gram-Sadak-Yojana-PMGSY-Rural-Roads-Project-environment-and-social-management-framework-executive-summary', 'https://www.adb.org/projects/40423-023/main', 'https://projects.worldbank.org/en/projects-operations/project-detail/P124639']",P124639
Punjab State Road Sector Project,Republic of India,,,Closed,https://projects.worldbank.org/en/projects-operations/project-detail/P090585,250000000,,,6/5/2017,N/A,,0,"['https://projects.worldbank.org/en/projects-operations/procurement-detail/OP00015513', 'https://www.worldbank.org/en/news/feature/2011/09/23/india-transportation', 'https://pib.gov.in/PressReleaseIframePage.aspx?PRID=1993425', 'https://www.cfr.org/backgrounder/chinas-massive-belt-and-road-initiative', 'https://en.wikipedia.org/wiki/China%E2%80%93Pakistan_Economic_Corridor', 'https://www.worldbank.org/en/news/feature/2013/06/12/india-a-modern-road-network-for-prosperous-punjab', 'https://openknowledge.worldbank.org/bitstreams/7d4a231b-6f06-5ba5-beb2-b9536c9319d6/download', 'https://en.wikipedia.org/wiki/Punjab,_India', 'https://www.worldbank.org/en/cpf/india/project', 'https://projects.worldbank.org/en/projects-operations/project-detail/P090585']",P090585
Lucknow-Muzaffarpur National Highway Project,Republic of India,,,Closed,https://projects.worldbank.org/en/projects-operations/project-detail/P077856,620000000,,,6/30/2012,N/A,,0,"['https://dash.lib.harvard.edu/bitstream/handle/1/37377668/RWP24_003_Hanson.pdf?sequence=1&isAllowed=y', 'https://documents1.worldbank.org/curated/ar/730931468050655120/Project0Inform1nt010Appraisal0Stage.doc', 'https://www.worldbank.org/en/news/feature/2011/09/23/india-transportation', 'https://in.linkedin.com/in/feroz-hashmi-22067a51', 'https://en.wikipedia.org/wiki/North%E2%80%93South_and_East%E2%80%93West_Corridor', 'https://in.linkedin.com/in/krishna-mohan-dixit-a1657736', 'https://etenders.gov.in/eprocure/app?component=%24DirectLink&page=FrontEndTendersByOrganisation&service=direct&sp=SBHgI013YJrPRYhqXDt5TRg%3D%3D', 'https://www.hccindia.com/markets/highways-roads-bridges', 'https://www.worldbank.org/en/news/press-release/2013/08/02/world-bank-debars-consulting-engineering-services-india-five-years-fraud-corruption', 'https://documents.worldbank.org/pt/publication/documents-reports/documentdetail/722211468750559808/Lucknow-Ayodhya-NH-28-and-Gorakhpur-bypass', 'https://www.indiamart.com/proddetail/lucknow-muzaffarpur-national-highway-project-9890945048.html', 'https://maps.google.com/maps/?q', 'https://projects.worldbank.org/en/projects-operations/project-detail/P077856']",P077856
Mumbai Urban Transport Project,Republic of India,,,Closed,https://projects.worldbank.org/en/projects-operations/project-detail/P050668,542000000,,,6/15/2011,N/A,,0,"['https://documents.worldbank.org/en/publication/documents-reports/documentdetail/438861468260119746/Mumbai-Urban-Transport-Project-urban-resettlement', 'https://documents.worldbank.org/en/publication/documents-reports/documentdetail/103981468268192903/Jogeshwari-Vikhroli-Link-Road-JVLR', 'https://www.worldbank.org/en/country/india/brief/mumbai-urban-transport-project', 'https://www.sciencedirect.com/science/article/abs/pii/S0739885912001011', 'https://www.sciencedirect.com/science/article/abs/pii/S2213624X2300055X', 'https://mmrda.maharashtra.gov.in/projects/transport/metro-line-5/overview', 'https://projects.worldbank.org/en/projects-operations/project-detail/P050668']",P050668
Gujarat Emergency Earthquake Reconstruction Project,Republic of India,,,Closed,https://projects.worldbank.org/en/projects-operations/project-detail/P074018,442800000,,,10/31/2008,N/A,,0,['https://projects.worldbank.org/en/projects-operations/project-detail/P074018'],P074018
